{
  "designerVersion" : "1.11.62",
  "id" : "principal",
  "name" : "principal",
  "lastUpdate" : 1612365034595,
  "rows" : [
    [
      {
        "type" : "component",
        "dimension" : {
          "xs" : 3
        },
        "propertyValues" : {
          "cssClasses" : {
            "type" : "constant",
            "value" : ""
          },
          "hidden" : {
            "type" : "constant",
            "value" : false
          },
          "srcType" : {
            "type" : "constant",
            "value" : "Asset"
          },
          "url" : {
            "type" : "constant",
            "value" : "C:\\Users\\osbybb young\\Downloads/CIE.png"
          },
          "assetName" : {
            "type" : "constant",
            "value" : ""
          },
          "alt" : {
            "type" : "interpolation"
          }
        },
        "reference" : "5867f84a-8ffa-4411-89c0-2b701b3c7c73",
        "hasValidationError" : false,
        "id" : "pbImage"
      },
      {
        "type" : "component",
        "dimension" : {
          "xs" : 11
        },
        "propertyValues" : {
          "cssClasses" : {
            "type" : "constant",
            "value" : ""
          },
          "hidden" : {
            "type" : "constant",
            "value" : false
          },
          "text" : {
            "type" : "interpolation",
            "value" : "CONFIRMATION DE DEMANDE DES CONGES"
          },
          "level" : {
            "type" : "constant",
            "value" : "Level 1"
          },
          "alignment" : {
            "type" : "constant",
            "value" : "left"
          }
        },
        "reference" : "2c7a5d40-f3c3-4d44-bce1-b070a84d0871",
        "hasValidationError" : false,
        "id" : "pbTitle"
      }
    ],
    [
      {
        "type" : "tabsContainer",
        "dimension" : {
          "xs" : 12
        },
        "propertyValues" : {
          "cssClasses" : {
            "type" : "constant",
            "value" : ""
          },
          "hidden" : {
            "type" : "constant",
            "value" : false
          },
          "vertical" : {
            "type" : "constant",
            "value" : false
          },
          "type" : {
            "type" : "constant",
            "value" : "pills"
          }
        },
        "reference" : "5937d20b-5e4d-4fb4-bb6e-aaf400914d75",
        "hasValidationError" : false,
        "id" : "pbTabsContainer",
        "tabList" : [
          {
            "type" : "tabContainer",
            "dimension" : {
              "xs" : 12
            },
            "propertyValues" : {
              "cssClasses" : {
                "type" : "expression",
                "value" : ""
              },
              "hidden" : {
                "type" : "constant",
                "value" : false
              },
              "disabled" : {
                "type" : "expression",
                "value" : ""
              },
              "title" : {
                "type" : "interpolation",
                "value" : "TOUTES LES DEMANDES"
              }
            },
            "reference" : "3bbebaa6-5fad-4295-8a94-e3c829556480",
            "hasValidationError" : false,
            "id" : "pbTabContainer",
            "container" : {
              "type" : "container",
              "dimension" : {
                "xs" : 12
              },
              "propertyValues" : { },
              "reference" : "ffe112ae-f7e4-4efa-b154-4bed4e4d6ba5",
              "hasValidationError" : false,
              "id" : "pbContainer",
              "rows" : [
                [ ]
              ]
            }
          },
          {
            "type" : "tabContainer",
            "dimension" : {
              "xs" : 12
            },
            "propertyValues" : {
              "cssClasses" : {
                "type" : "constant",
                "value" : ""
              },
              "hidden" : {
                "type" : "constant",
                "value" : false
              },
              "disabled" : {
                "type" : "constant",
                "value" : false
              },
              "title" : {
                "type" : "interpolation",
                "value" : "DEMANDES EN COURS"
              }
            },
            "reference" : "cc02e4f3-cc7a-40be-b813-d456d709e204",
            "hasValidationError" : false,
            "id" : "pbTabContainer",
            "container" : {
              "type" : "container",
              "dimension" : {
                "xs" : 12
              },
              "propertyValues" : { },
              "reference" : "82b8c917-b0b9-4aab-a3e0-a9349a518827",
              "hasValidationError" : false,
              "id" : "pbContainer",
              "rows" : [
                [ ]
              ]
            }
          },
          {
            "type" : "tabContainer",
            "dimension" : {
              "xs" : 12
            },
            "propertyValues" : {
              "cssClasses" : {
                "type" : "constant",
                "value" : ""
              },
              "hidden" : {
                "type" : "constant",
                "value" : false
              },
              "disabled" : {
                "type" : "constant",
                "value" : false
              },
              "title" : {
                "type" : "interpolation",
                "value" : "DEMANDES REJETES"
              }
            },
            "reference" : "f9dd4eb2-f136-425c-b158-572eb0395e96",
            "hasValidationError" : false,
            "id" : "pbTabContainer",
            "container" : {
              "type" : "container",
              "dimension" : {
                "xs" : 12
              },
              "propertyValues" : { },
              "reference" : "b690c852-28ab-41a4-85d4-4bdb913f2726",
              "hasValidationError" : false,
              "id" : "pbContainer",
              "rows" : [
                [ ]
              ]
            }
          },
          {
            "type" : "tabContainer",
            "dimension" : {
              "xs" : 12
            },
            "propertyValues" : {
              "cssClasses" : {
                "type" : "constant",
                "value" : ""
              },
              "hidden" : {
                "type" : "constant",
                "value" : false
              },
              "disabled" : {
                "type" : "constant",
                "value" : false
              },
              "title" : {
                "type" : "interpolation",
                "value" : "DEMANDES ACCEPTEES"
              }
            },
            "reference" : "9b31a0b3-8126-4382-b941-15eec8353358",
            "hasValidationError" : false,
            "id" : "pbTabContainer",
            "container" : {
              "type" : "container",
              "dimension" : {
                "xs" : 12
              },
              "propertyValues" : { },
              "reference" : "43d56c0c-894c-4032-b761-9cd44664719d",
              "hasValidationError" : false,
              "id" : "pbContainer",
              "rows" : [
                [ ]
              ]
            }
          },
          {
            "type" : "tabContainer",
            "dimension" : {
              "xs" : 12
            },
            "propertyValues" : {
              "cssClasses" : {
                "type" : "constant",
                "value" : ""
              },
              "hidden" : {
                "type" : "constant",
                "value" : false
              },
              "disabled" : {
                "type" : "constant",
                "value" : false
              },
              "title" : {
                "type" : "interpolation",
                "value" : "DEMANDES TRAITEES"
              }
            },
            "reference" : "5d69a4ce-474c-4f51-8cdf-45fce92bd1ad",
            "hasValidationError" : false,
            "id" : "pbTabContainer",
            "container" : {
              "type" : "container",
              "dimension" : {
                "xs" : 12
              },
              "propertyValues" : { },
              "reference" : "da57a1f0-a77b-47a4-8538-4bde0881644f",
              "hasValidationError" : false,
              "id" : "pbContainer",
              "rows" : [
                [ ]
              ]
            }
          }
        ]
      }
    ],
    [
      {
        "type" : "component",
        "dimension" : {
          "xs" : 12
        },
        "propertyValues" : {
          "cssClasses" : {
            "type" : "constant",
            "value" : "TableauxTaches"
          },
          "hidden" : {
            "type" : "constant",
            "value" : false
          },
          "allowHTML" : {
            "type" : "constant",
            "value" : true
          },
          "headers" : {
            "type" : "constant",
            "value" : [
              "Nom",
              "Prénoms",
              "Poste",
              "Service",
              "Nombre de jours",
              "Date depart",
              "Date Retour"
            ]
          },
          "content" : {
            "type" : "expression",
            "value" : "tousLesDemandes"
          },
          "columnsKey" : {
            "type" : "constant"
          },
          "selectedRow" : {
            "type" : "variable",
            "value" : ""
          },
          "striped" : {
            "type" : "constant",
            "value" : true
          },
          "condensed" : {
            "type" : "constant",
            "value" : false
          },
          "bordered" : {
            "type" : "constant",
            "value" : false
          }
        },
        "reference" : "cc4b7a66-a4d3-47b6-9be2-be4c8e3f1623",
        "hasValidationError" : false,
        "id" : "pbTable"
      }
    ]
  ],
  "assets" : [
    {
      "id" : "28b41baa-e11e-4398-a199-de73310010a0",
      "name" : "style.css",
      "type" : "css",
      "order" : 0,
      "external" : false
    }
  ],
  "inactiveAssets" : [ ],
  "variables" : {
    "user" : {
      "type" : "constant",
      "exposed" : false
    },
    "tousLesDemandes" : {
      "type" : "constant",
      "exposed" : false
    },
    "DemandesEncours" : {
      "type" : "constant",
      "exposed" : false
    },
    "DemandesRejetees" : {
      "type" : "constant",
      "exposed" : false
    },
    "DemandesAcceptees" : {
      "type" : "constant",
      "exposed" : false
    },
    "DemandesTraitees" : {
      "type" : "constant",
      "exposed" : false
    },
    "ToutesLesDemandes" : {
      "type" : "constant",
      "exposed" : false
    },
    "TableauTaches" : {
      "type" : "constant",
      "exposed" : false
    }
  },
  "hasValidationError" : false,
  "uuid" : "51dc21e4-d8b0-41e7-8212-c15a675e2a01",
  "type" : "page",
  "description" : "Page generated with Bonita UI designer"
}